pruning_id,BMD,CinC,CirCor,ICBHI,KAUH,SPRSound,ZCHSound
s0.b0.h0,-0.058268,0.005752,-0.023651,0.100033,0.038519,-0.003540,0.023446
s0.b0.h1,0.006076,0.003438,-0.015408,0.089609,0.031296,-0.002318,-0.002090
s0.b0.h2,-0.006728,-0.010833,-0.014737,0.028281,0.008333,0.008868,0.010485
s0.b0.h3,0.009765,-0.001350,-0.002738,-0.000969,0.003889,0.006933,0.006376
s0.b1.h0,0.026475,0.001759,0.018959,0.002747,-0.000926,-0.005953,0.003865
s0.b1.h1,0.073785,-0.003022,0.007037,-0.025452,-0.010185,-0.015419,0.014455
s0.b1.h2,0.012804,-0.000876,-0.008278,-0.025210,0.005556,-0.004197,0.022302
s0.b1.h3,0.016927,0.005920,0.013772,0.005818,0.023704,-0.008200,0.008699
s1.b0.h0,0.003038,0.000635,-0.019364,0.003394,0.002593,-0.006591,0.001612
s1.b0.h1,-0.008681,-0.005854,-0.010772,0.031594,0.037408,-0.000706,0.014479
s1.b0.h2,-0.018446,0.010607,-0.017854,-0.021251,-0.008704,0.002476,0.016020
s1.b0.h3,0.001410,-0.007088,-0.010116,0.034664,-0.005185,-0.013813,0.007321
s1.b0.h4,-0.004992,-0.007927,-0.013625,0.000970,0.032222,0.000278,0.006387
s1.b0.h5,-0.051433,-0.007416,-0.016752,0.039351,-0.012592,0.002849,0.002826
s1.b0.h6,-0.019097,-0.006701,0.000527,0.003232,-0.017778,-0.003831,0.001822
s1.b0.h7,-0.006294,-0.005825,-0.023930,0.034422,-0.024815,-0.009385,0.012716
s1.b1.h0,-0.003147,0.002073,-0.012822,0.056076,0.032778,0.004144,0.004367
s1.b1.h1,0.008789,0.002059,-0.002847,0.001455,0.012408,-0.008291,0.005617
s1.b1.h2,0.003906,-0.001460,-0.005306,0.027069,0.022408,-0.004640,0.004426
s1.b1.h3,-0.023872,-0.001825,-0.015267,-0.035391,0.007408,0.000987,0.018028
s1.b1.h4,0.010850,0.005599,-0.003721,0.027958,-0.008889,0.007349,0.000339
s1.b1.h5,-0.019748,0.004380,0.003528,0.088074,0.002963,0.001985,0.011034
s1.b1.h6,0.009874,-0.001679,-0.006472,0.002101,-0.015370,-0.001616,-0.001085
s1.b1.h7,-0.046984,0.009862,-0.001048,0.027796,-0.002222,0.006635,0.003211
s2.b0.h0,-0.007813,0.005782,-0.002886,0.001939,-0.008333,-0.005874,0.012552
s2.b0.h1,0.007378,-0.011957,0.004216,0.060763,0.044815,-0.001170,0.002289
s2.b0.h10,0.005968,-0.002394,-0.001022,-0.000323,0.001482,0.009154,-0.000887
s2.b0.h11,0.008680,-0.009862,-0.009451,0.025372,-0.013148,-0.003297,0.001670
s2.b0.h12,0.010091,-0.004898,-0.004987,-0.004525,0.001852,0.005052,0.002382
s2.b0.h13,0.002821,-0.004934,-0.008461,0.029170,0.006852,0.004230,0.011209
s2.b0.h14,-0.008898,0.004336,-0.014473,0.002263,0.025371,-0.000103,0.005640
s2.b0.h15,-0.039497,-0.009052,0.005392,0.030462,0.002593,0.008429,0.007590
s2.b0.h2,0.001085,-0.007424,-0.014573,0.055430,0.032778,0.006352,0.004239
s2.b0.h3,-0.004775,-0.000299,0.000369,0.001616,-0.001852,0.005898,-0.002627
s2.b0.h4,0.004991,0.011242,-0.004371,0.000485,0.006296,-0.001246,0.003760
s2.b0.h5,-0.000760,-0.003175,0.006600,0.083468,0.014074,0.003262,0.033300
s2.b0.h6,0.007812,-0.002409,0.001632,0.003394,0.011852,0.001788,0.001203
s2.b0.h7,-0.034071,0.000694,-0.012433,0.026503,0.007222,0.004716,0.002149
s2.b0.h8,-0.017361,0.005533,-0.004403,0.005010,-0.005741,-0.000622,0.007240
s2.b0.h9,0.006944,0.005183,-0.013561,-0.001616,-0.012592,0.004843,-0.009807
s2.b1.h0,0.003472,-0.002679,-0.006768,0.000162,0.020371,0.002695,-0.001482
s2.b1.h1,0.002387,0.000526,-0.017696,0.029170,-0.004815,0.004223,-0.001716
s2.b1.h10,0.031033,-0.000109,-0.008535,0.026826,0.023519,-0.000722,0.009026
s2.b1.h11,-0.011285,0.000475,-0.002487,0.000485,-0.007778,0.007525,-0.001389
s2.b1.h12,-0.005643,-0.000233,-0.003991,0.031028,0.010000,0.007299,0.001682
s2.b1.h13,-0.010634,-0.009468,-0.001694,0.022948,0.046482,0.003984,0.004391
s2.b1.h14,0.005425,-0.005489,0.003364,-0.003878,0.028889,0.003595,-0.000677
s2.b1.h15,0.014540,-0.000007,-0.022481,0.024321,0.014815,0.007733,0.010287
s2.b1.h2,-0.030165,0.001030,-0.004653,0.055430,0.016111,0.007798,0.007018
s2.b1.h3,-0.000977,-0.000007,-0.011523,0.029978,0.015000,0.001314,0.005044
s2.b1.h4,0.005425,-0.003431,-0.007012,0.028685,-0.000555,0.003976,0.001098
s2.b1.h5,-0.002387,0.002460,-0.006151,0.000323,-0.010000,0.002655,-0.000256
s2.b1.h6,-0.021919,-0.006299,-0.013782,0.000485,0.018704,0.005424,0.000946
s2.b1.h7,0.001736,-0.003073,-0.008104,-0.001939,0.040185,-0.000276,-0.000116
s2.b1.h8,-0.025608,-0.004577,0.003689,0.000323,0.008148,0.003246,0.000281
s2.b1.h9,-0.002604,-0.009606,-0.000380,0.024887,0.005000,0.005350,0.002604
s2.b2.h0,-0.002821,0.007176,0.006381,0.031998,0.007963,0.001116,0.007111
s2.b2.h1,0.019423,-0.008022,-0.001157,0.001293,0.024074,0.007536,0.015962
s2.b2.h10,-0.004449,0.001343,-0.012076,0.021574,-0.000555,0.004060,0.008769
s2.b2.h11,-0.025608,0.001759,-0.002918,0.023998,0.026111,-0.000630,0.006878
s2.b2.h12,0.005425,0.000394,-0.004975,0.031513,0.008148,0.006942,0.003959
s2.b2.h13,0.024848,-0.012139,-0.030624,-0.003555,0.013148,0.001434,0.010462
s2.b2.h14,0.005208,0.007650,-0.000662,0.024968,-0.017963,0.006553,0.008302
s2.b2.h15,0.003906,-0.000693,-0.027365,0.025210,0.001667,0.003605,0.004566
s2.b2.h2,0.015842,-0.007489,0.003759,0.028119,0.013889,0.004627,-0.005079
s2.b2.h3,-0.008464,-0.006117,-0.008940,0.001455,0.012222,0.006154,-0.001214
s2.b2.h4,-0.010091,-0.004131,-0.006131,0.035149,0.028704,0.005142,0.004683
s2.b2.h5,-0.001953,-0.002219,-0.004383,0.033694,0.013704,0.006419,0.013731
s2.b2.h6,-0.009115,0.000628,-0.009181,0.028523,0.041852,0.003884,0.016569
s2.b2.h7,-0.020400,0.003073,-0.017953,0.028523,0.031482,0.006134,-0.001272
s2.b2.h8,-0.026367,-0.010767,0.002840,0.031917,0.025185,0.005535,0.012494
s2.b2.h9,-0.016059,-0.005037,-0.025627,0.029412,0.000926,0.006517,0.006586
s2.b3.h0,0.010633,-0.002942,-0.011427,0.028523,-0.001667,-0.001199,0.002359
s2.b3.h1,-0.012153,-0.014198,-0.009081,0.000323,0.012778,0.000497,0.000736
s2.b3.h10,0.002604,0.000686,0.006680,0.000970,0.011111,0.006326,0.005733
s2.b3.h11,0.000108,-0.002438,-0.015502,0.026988,0.003333,0.007532,-0.001763
s2.b3.h12,-0.015625,-0.013942,-0.001363,0.004687,-0.010555,0.004712,0.014175
s2.b3.h13,0.004666,-0.012242,-0.001581,-0.005171,0.000371,0.003319,-0.001261
s2.b3.h14,-0.002279,0.001132,0.001054,0.001131,-0.002963,0.001739,-0.002977
s2.b3.h15,-0.046984,-0.009986,-0.013471,0.025776,0.031482,0.007225,0.002593
s2.b3.h2,-0.028863,0.006855,-0.007783,-0.001131,-0.002778,0.007238,-0.005476
s2.b3.h3,-0.008138,-0.007672,-0.002806,0.057854,0.027593,0.004606,0.001950
s2.b3.h4,-0.005534,0.000635,0.003091,0.030947,-0.003148,-0.000396,-0.002965
s2.b3.h5,-0.012696,0.000577,-0.007738,0.027392,-0.000741,0.005337,0.006399
s2.b3.h6,-0.010851,-0.006460,-0.004081,0.028846,-0.001481,0.006973,0.010287
s2.b3.h7,-0.007053,-0.005664,-0.011716,0.024725,-0.007222,0.003779,-0.002767
s2.b3.h8,-0.019097,-0.006051,-0.013031,0.055268,0.008519,0.001650,-0.002416
s2.b3.h9,0.014865,-0.002431,-0.003844,0.004525,-0.002963,0.008864,0.002744
s2.b4.h0,-0.005209,-0.009424,-0.010887,0.001778,0.015926,-0.004352,0.006691
s2.b4.h1,0.006185,-0.003328,0.012233,0.002747,-0.017592,0.007150,-0.002101
s2.b4.h10,-0.008898,-0.002467,-0.013313,-0.003232,0.023519,0.007520,0.003678
s2.b4.h11,-0.016710,-0.009825,-0.003149,0.034987,0.003148,0.000886,0.006737
s2.b4.h12,-0.002821,0.004833,0.002079,0.000647,0.011482,0.007257,-0.004226
s2.b4.h13,0.007704,-0.002350,0.000006,0.025776,-0.011481,0.000014,-0.000420
s2.b4.h14,-0.009983,-0.000190,-0.008522,0.028442,-0.003518,0.001084,0.001857
s2.b4.h15,0.002821,-0.001934,-0.002256,0.056238,0.022037,0.007707,0.007625
s2.b4.h2,0.018771,-0.004277,-0.006176,0.001293,-0.006481,0.007744,0.001343
s2.b4.h3,0.007270,-0.017096,0.012872,-0.028927,0.012037,0.005016,0.012342
s2.b4.h4,-0.003147,-0.009906,-0.009991,0.056885,0.003704,0.003518,0.001133
s2.b4.h5,0.010742,0.001519,-0.003493,0.033129,0.030556,0.005001,0.000900
s2.b4.h6,0.007921,0.001256,-0.001369,0.026584,0.007408,0.006266,0.002978
s2.b4.h7,-0.003689,-0.003022,-0.009377,-0.001939,-0.010741,-0.002192,0.005336
s2.b4.h8,-0.006294,0.000964,0.004402,-0.000808,0.009630,0.007010,-0.000735
s2.b4.h9,-0.013672,0.003154,-0.001209,0.051713,0.037222,-0.001367,-0.003175
s2.b5.h0,-0.008030,0.000139,-0.021170,0.027634,0.004074,0.003548,0.000806
s2.b5.h1,-0.008464,0.000832,-0.000694,0.028362,-0.009444,-0.001690,0.003071
s2.b5.h10,0.007378,0.000402,0.003631,0.000000,-0.009444,0.009720,0.001974
s2.b5.h11,0.008897,-0.005343,-0.009396,0.059309,0.014445,0.003871,0.004671
s2.b5.h12,0.001085,0.000219,-0.008275,0.028200,0.019074,0.001260,0.006189
s2.b5.h13,0.000759,-0.009679,-0.005778,0.028523,-0.016296,0.001451,-0.002440
s2.b5.h14,-0.002279,0.001774,-0.010444,-0.000485,0.005926,-0.000466,0.001682
s2.b5.h15,0.002495,-0.014271,-0.005694,0.000808,0.000556,0.005903,-0.006164
s2.b5.h2,-0.022570,-0.012942,0.017680,0.000808,0.009074,0.003068,-0.001167
s2.b5.h3,-0.001736,0.003876,-0.002246,0.000323,-0.002407,0.007367,0.007240
s2.b5.h4,-0.002604,0.004220,-0.008908,-0.002909,0.002408,0.005036,0.002277
s2.b5.h5,-0.011176,0.008103,-0.016385,-0.001777,0.005371,0.005519,0.006808
s2.b5.h6,0.001736,-0.001766,-0.007179,0.001455,0.001111,-0.002178,0.003492
s2.b5.h7,0.003255,-0.002854,-0.003223,0.030624,0.006852,0.005631,-0.001447
s2.b5.h8,0.000868,0.010490,0.003014,0.000970,0.030556,0.002100,0.002266
s2.b5.h9,-0.012804,-0.007073,-0.001928,-0.002101,0.004445,0.004697,0.007566
s3.b0.h0,0.000542,0.003935,-0.002497,0.029654,-0.001852,0.003452,0.004764
s3.b0.h1,0.000325,-0.002007,-0.008416,0.000808,-0.015741,0.006441,0.001367
s3.b0.h10,-0.011610,-0.003445,-0.000534,0.026180,-0.015926,0.003836,0.001950
s3.b0.h11,0.008572,-0.009263,-0.015142,-0.001939,0.019074,0.002818,-0.003187
s3.b0.h12,-0.001302,0.006461,0.004717,0.001939,-0.003333,0.000203,0.002266
s3.b0.h13,0.004232,0.000832,0.000501,0.030705,-0.011667,0.000926,0.002394
s3.b0.h14,-0.001845,0.000643,-0.004730,0.026907,-0.012592,0.003677,0.003176
s3.b0.h15,-0.006945,-0.005942,-0.000996,-0.002101,0.007963,0.006981,0.005733
s3.b0.h16,-0.019206,0.001942,-0.001318,0.027958,-0.002963,0.007824,0.003305
s3.b0.h17,0.004123,-0.002482,-0.011090,-0.000646,0.002593,0.003662,-0.000397
s3.b0.h18,-0.011285,-0.004037,-0.015974,-0.000485,-0.007592,0.004651,-0.003783
s3.b0.h19,-0.003581,-0.005789,-0.009306,-0.001454,0.006111,0.001930,0.004647
s3.b0.h2,-0.031033,-0.002686,-0.009004,0.028846,0.001482,-0.001433,0.005336
s3.b0.h20,0.001736,0.000905,-0.009110,0.055915,-0.009074,0.002342,-0.000256
s3.b0.h21,0.000325,-0.001671,0.003309,0.025372,-0.004629,0.007320,-0.000934
s3.b0.h22,0.000108,-0.000832,-0.002471,0.028038,0.008333,0.000608,0.004052
s3.b0.h23,-0.007162,-0.003496,-0.023580,0.058501,-0.010185,-0.000685,-0.004004
s3.b0.h24,-0.008464,-0.002263,-0.005662,0.001939,0.010926,0.005798,-0.000105
s3.b0.h25,-0.008464,-0.000029,-0.002998,0.000808,-0.003704,0.004211,0.006305
s3.b0.h26,-0.001302,0.000095,-0.000913,0.000647,0.002593,0.002727,-0.001132
s3.b0.h27,-0.000109,0.000949,0.000565,0.026584,0.002408,0.002731,0.005325
s3.b0.h28,0.005208,-0.006431,-0.000804,-0.000161,-0.005185,0.002360,0.001869
s3.b0.h29,0.003363,-0.003029,0.000372,0.001778,0.011667,0.005631,-0.000315
s3.b0.h3,0.003255,-0.003168,-0.007063,0.028685,-0.003518,0.002510,-0.001681
s3.b0.h30,0.000651,-0.005613,-0.000466,0.025372,0.010185,0.005591,0.001285
s3.b0.h31,-0.001736,-0.002737,-0.006318,0.026099,0.003519,0.005433,0.007006
s3.b0.h4,0.002495,-0.014358,0.001986,0.002424,-0.013704,0.004654,0.007905
s3.b0.h5,0.001085,-0.006927,0.002985,0.060117,0.010741,-0.002096,0.006002
s3.b0.h6,0.003255,-0.001832,-0.001218,0.027554,-0.004815,0.003726,0.006913
s3.b0.h7,0.006510,0.000329,0.003264,0.000808,0.002963,0.001304,0.002196
s3.b0.h8,0.001519,-0.006599,0.003059,0.004525,0.012222,0.006444,0.006119
s3.b0.h9,-0.020291,0.006125,-0.004268,0.004687,0.018333,0.007245,0.000631
s3.b1.h0,-0.008572,-0.003467,-0.001144,0.061248,0.001667,0.004092,0.008209
s3.b1.h1,-0.003255,-0.008657,-0.004901,0.001616,-0.008518,0.006755,-0.000455
s3.b1.h10,0.000542,-0.003058,0.001716,0.000162,-0.003148,0.004225,0.002779
s3.b1.h11,-0.012153,0.001000,-0.003259,0.026665,-0.008518,0.001008,0.000993
s3.b1.h12,0.004774,-0.002664,-0.001498,0.028685,0.017222,0.003365,0.002581
s3.b1.h13,-0.002930,0.000519,-0.001247,-0.000161,0.000926,0.001414,0.002639
s3.b1.h14,-0.013130,-0.004241,0.002101,-0.000161,0.009445,0.007705,0.005301
s3.b1.h15,-0.003147,-0.006789,-0.005579,0.000970,0.010000,0.005756,-0.003631
s3.b1.h16,-0.006945,-0.003584,-0.002513,0.001616,-0.005926,0.002657,0.005009
s3.b1.h17,-0.001519,-0.000007,-0.006973,0.000000,-0.003333,0.007724,0.007707
s3.b1.h18,0.003255,-0.003007,-0.010939,0.000808,0.002778,0.003898,0.003071
s3.b1.h19,0.000325,-0.003912,-0.000611,0.057208,-0.010926,0.002349,0.000678
s3.b1.h2,0.001085,-0.002715,0.000295,0.027230,0.001111,0.001816,-0.004133
s3.b1.h20,-0.005209,0.003256,-0.001546,-0.000485,-0.004074,-0.000298,-0.000256
s3.b1.h21,-0.004232,0.001205,0.002114,0.027796,-0.021111,0.005705,-0.001027
s3.b1.h22,-0.002821,-0.004234,-0.012147,-0.000485,-0.004074,0.006069,0.001962
s3.b1.h23,-0.004232,0.000584,-0.004917,0.000000,-0.001481,0.001764,0.001086
s3.b1.h24,-0.016276,0.000358,0.001532,-0.001131,-0.003518,0.001296,0.000970
s3.b1.h25,0.003798,-0.007584,-0.002108,0.001455,0.011482,0.008656,0.000503
s3.b1.h26,0.003689,-0.002869,-0.005948,0.000000,-0.015185,0.000756,0.002429
s3.b1.h27,0.004340,-0.002511,-0.000990,-0.000646,0.002778,0.003813,0.001705
s3.b1.h28,-0.003255,-0.002628,-0.011514,0.001131,0.003148,0.004035,-0.005207
s3.b1.h29,0.002278,-0.009636,-0.001941,0.027634,0.007593,0.001310,0.003095
s3.b1.h3,0.002278,0.001613,0.004447,0.000000,-0.007778,0.002308,0.000246
s3.b1.h30,-0.002387,-0.002752,-0.005907,-0.000646,0.000000,0.003068,0.004636
s3.b1.h31,-0.005317,-0.002146,-0.003329,0.000970,0.008519,0.001013,-0.005067
s3.b1.h4,-0.001302,0.000818,-0.001392,-0.002909,0.005185,0.004813,0.000082
s3.b1.h5,-0.003472,-0.002453,-0.003368,0.003394,0.000926,0.004903,0.000176
s3.b1.h6,-0.005100,-0.002861,-0.006029,0.029331,0.019259,-0.001711,-0.004471
s3.b1.h7,0.000325,-0.000109,-0.002179,0.000323,0.003148,0.005914,0.003643
s3.b1.h8,0.003255,-0.009409,-0.002449,0.027958,-0.001481,0.003227,0.005220
s3.b1.h9,-0.000977,0.003789,-0.000624,0.027796,0.001852,0.001115,0.002581
