pruning_id,stage,block,head,head_size,n_params,w_norm,w_norm_qkv,w_norm_out,w_rms,w_kurtosis,w_participation,w_max_over_rms,ov_spectral,medical_contrib_rms,medical_ctx_rms,medical_share,general_contrib_rms,general_ctx_rms,general_share,generality,contrib_ratio
s0.b0.h0,0,0,0,24,9216,5.92529,5.61021,1.90645,0.0617217,8.69297,0.0855995,10.2641,0.904809,0.960916,1.70276,0.409531,0.9811,1.72784,0.420852,0.011321,0.0299903
s0.b0.h1,0,0,1,24,9216,10.31,10.1543,1.78502,0.107396,2.9635,0.167649,5.2479,0.3696,0.924698,1.65747,0.373132,0.884619,1.61824,0.342149,-0.0309833,-0.0639265
s0.b0.h2,0,0,2,24,9216,5.44705,5.39,0.786296,0.0567401,5.62224,0.115972,6.67927,0.174823,0.160317,0.526323,0.0141939,0.21449,0.617365,0.0201148,0.00592094,0.41998
s0.b0.h3,0,0,3,24,9216,10.4053,10.2437,1.82657,0.108389,4.60315,0.13157,6.33421,0.544069,0.679138,1.35513,0.203143,0.704307,1.39353,0.216884,0.013741,0.0524988
s0.b1.h0,0,1,0,24,9216,5.88488,5.52305,2.0317,0.0613009,0.891843,0.257023,4.35595,0.300208,0.590815,1.36078,0.0762661,0.60291,1.38433,0.071159,-0.00510714,0.0292359
s0.b1.h1,0,1,1,24,9216,5.9793,5.65035,1.9559,0.0622843,2.15753,0.193915,6.89821,0.440944,1.1567,2.11837,0.291859,1.23781,2.22424,0.299939,0.00808014,0.0977787
s0.b1.h2,0,1,2,24,9216,4.78489,4.30707,2.08429,0.0498426,0.551512,0.281617,5.73247,0.413918,1.31166,2.32114,0.37635,1.34608,2.37993,0.354702,-0.0216483,0.0373704
s0.b1.h3,0,1,3,24,9216,5.85311,5.54464,1.87505,0.0609699,1.41978,0.226345,4.47844,0.34761,1.08384,2.08988,0.255525,1.18351,2.23836,0.2742,0.0186753,0.126922
s1.b0.h0,1,0,0,24,18432,7.2128,6.69818,2.6756,0.0531273,1.26999,0.234189,5.70169,0.539235,0.994893,1.5609,0.0935773,0.970296,1.5056,0.0853224,-0.00825489,-0.0361158
s1.b0.h1,1,0,1,24,18432,7.46411,6.96755,2.67697,0.0549783,0.592861,0.278325,4.80644,0.577505,0.897132,1.44199,0.0761748,0.857909,1.36105,0.0667017,-0.00947314,-0.0644954
s1.b0.h2,1,0,2,24,18432,6.56519,5.99019,2.68689,0.0483572,0.324098,0.300826,4.63068,0.613799,1.4724,2.07619,0.20604,1.39891,1.98826,0.177352,-0.0286879,-0.0738679
s1.b0.h3,1,0,3,24,18432,5.72483,5.16038,2.47875,0.0421674,0.426585,0.29193,5.37695,0.559679,0.953387,1.49509,0.0873582,1.12714,1.7536,0.115135,0.0277768,0.241533
s1.b0.h4,1,0,4,24,18432,6.17396,5.63986,2.51192,0.0454755,0.752845,0.266463,5.34305,0.632829,0.740744,1.29688,0.0519086,0.782903,1.3619,0.0555482,0.00363956,0.0798588
s1.b0.h5,1,0,5,24,18432,6.85547,6.26681,2.77931,0.0504953,0.287735,0.304163,4.96146,0.653211,1.56655,2.16625,0.233754,1.53281,2.1378,0.212928,-0.0208261,-0.0314146
s1.b0.h6,1,0,6,24,18432,7.19127,6.69673,2.62073,0.0529687,1.89577,0.204448,8.02876,0.496967,0.991431,1.5817,0.0928241,0.989984,1.57066,0.08882,-0.0040041,-0.00210716
s1.b0.h7,1,0,7,24,18432,6.32021,5.60171,2.92675,0.0465527,0.0804329,0.324616,3.92123,0.699418,1.28472,1.86281,0.158363,1.47883,2.08362,0.198193,0.0398303,0.203002
s1.b1.h0,1,1,0,24,18432,6.51833,5.88734,2.79783,0.048012,0.838821,0.260556,5.88796,0.523601,0.924797,1.51957,0.107738,0.809926,1.34802,0.079195,-0.0285434,-0.191347
s1.b1.h1,1,1,1,24,18432,6.41552,5.8112,2.71823,0.0472547,0.319337,0.301198,5.06736,0.659615,1.19247,1.88366,0.179998,1.27563,2.00678,0.196451,0.0164533,0.0972621
s1.b1.h2,1,1,2,24,18432,6.24574,5.70505,2.54197,0.0460042,0.372997,0.29647,4.92119,0.468065,1.06218,1.83599,0.142229,1.08552,1.81294,0.14226,3.1e-05,0.0313545
s1.b1.h3,1,1,3,24,18432,7.59446,7.1798,2.47514,0.0559385,2.84104,0.171257,7.43237,0.502167,1.00609,1.8406,0.127488,0.965942,1.74326,0.112644,-0.0148439,-0.058745
s1.b1.h4,1,1,4,24,18432,7.02837,6.57443,2.48493,0.0517689,1.05907,0.246419,5.46749,0.474051,0.726792,1.30914,0.0664097,0.802602,1.40576,0.0777693,0.0113596,0.143142
s1.b1.h5,1,1,5,24,18432,5.19358,4.47569,2.63467,0.0382543,0.252729,0.307443,4.98098,0.870448,1.01669,1.50894,0.130757,1.07775,1.63159,0.14023,0.00947271,0.0841395
s1.b1.h6,1,1,6,24,18432,5.99893,5.27795,2.8514,0.0441863,0.346951,0.298787,5.51645,0.695401,1.15,1.79114,0.166353,1.25988,1.93504,0.191632,0.0252794,0.131657
s1.b1.h7,1,1,7,24,18432,7.1533,6.69462,2.52027,0.0526891,1.26454,0.234508,6.46931,0.569846,0.792619,1.40624,0.0790284,0.703902,1.24033,0.0598179,-0.0192105,-0.171253
s2.b0.h0,2,0,0,24,36864,8.82481,8.1414,3.40512,0.0459626,0.991561,0.250523,5.86569,0.808585,1.02181,1.37443,0.0545363,0.918331,1.16473,0.040397,-0.0141393,-0.154042
s2.b0.h1,2,0,1,24,36864,8.72839,7.89396,3.72428,0.0454604,0.342691,0.29916,4.44836,0.928061,1.3988,1.68816,0.102317,1.39281,1.63442,0.0929252,-0.00939189,-0.00618829
s2.b0.h2,2,0,2,24,36864,10.3533,9.71414,3.58138,0.0539234,1.02065,0.248714,5.11508,0.887067,1.01948,1.29116,0.0546937,0.985435,1.26313,0.0465164,-0.00817733,-0.0489992
s2.b0.h3,2,0,3,24,36864,8.79757,8.23661,3.09119,0.0458207,1.37785,0.228427,5.99851,0.633272,0.597067,0.916042,0.0186413,0.65433,0.949392,0.020509,0.00186773,0.132127
s2.b0.h4,2,0,4,24,36864,8.41387,7.58591,3.63965,0.0438222,0.398287,0.294276,4.96112,1.34103,0.793126,0.92749,0.0334208,1.1297,1.28277,0.0611333,0.0277125,0.510318
s2.b0.h5,2,0,5,24,36864,10.4465,9.78144,3.66768,0.0544086,1.52153,0.221165,6.01976,0.916426,2.2398,2.50653,0.261834,1.95706,2.20223,0.183468,-0.0783657,-0.194684
s2.b0.h6,2,0,6,24,36864,8.66035,7.98926,3.34265,0.045106,1.48897,0.222879,6.76452,0.742292,0.954348,1.21787,0.0476532,1.04023,1.32849,0.0518331,0.00417989,0.124315
s2.b0.h7,2,0,7,24,36864,7.41607,6.70642,3.16575,0.0386254,0.678431,0.271861,5.58376,1.16768,0.528331,0.738012,0.0146026,0.627942,0.869971,0.0188881,0.00428554,0.249189
s2.b0.h8,2,0,8,24,36864,11.4916,10.9476,3.49397,0.0598521,1.31455,0.231774,5.28908,0.811265,0.550614,0.740033,0.0160373,0.651862,0.875944,0.0203545,0.00431721,0.243526
s2.b0.h9,2,0,9,24,36864,8.28433,7.39781,3.72861,0.0431475,0.18055,0.31442,4.51418,0.864178,1.44426,1.69943,0.109089,1.48979,1.7597,0.106316,-0.00277287,0.0447799
s2.b0.h10,2,0,10,24,36864,8.26498,7.5837,3.28595,0.0430468,0.668928,0.272548,5.44045,1.09435,0.612636,0.838679,0.0196863,0.844681,1.08113,0.0341772,0.0144909,0.463377
s2.b0.h11,2,0,11,24,36864,9.45739,8.85913,3.31031,0.0492572,1.4868,0.222881,7.17266,0.687041,0.599162,0.882655,0.0188775,0.898383,1.14688,0.0386611,0.0197836,0.584385
s2.b0.h12,2,0,12,24,36864,8.56686,7.98248,3.10982,0.044619,1.63307,0.215827,6.44469,0.693751,0.641331,0.951015,0.0216438,0.6631,0.932845,0.0210624,-0.000581429,0.048158
s2.b0.h13,2,0,13,24,36864,7.57744,6.71924,3.50275,0.0394658,0.487639,0.286721,6.22959,1.55301,0.900287,0.994642,0.0427291,1.26573,1.3011,0.0767424,0.0340133,0.491513
s2.b0.h14,2,0,14,24,36864,8.22092,7.32006,3.74168,0.0428173,0.196163,0.312877,4.84237,0.983801,1.2255,1.46144,0.0787335,1.42426,1.63685,0.0971695,0.018436,0.216839
s2.b0.h15,2,0,15,24,36864,8.37956,7.56273,3.60863,0.0436436,0.306255,0.302464,4.96411,0.919731,1.42007,1.69388,0.105505,1.36955,1.614,0.089847,-0.0156576,-0.0522572
s2.b1.h0,2,1,0,24,36864,9.07071,8.39176,3.44329,0.0472433,0.542063,0.28232,5.18679,0.803482,1.02826,1.27028,0.0579957,1.1634,1.43544,0.0630108,0.00501509,0.178138
s2.b1.h1,2,1,1,24,36864,9.25669,8.69128,3.18558,0.0482119,1.73769,0.211099,8.60513,0.686139,1.00861,1.42305,0.0557673,0.952495,1.36349,0.0422362,-0.0135311,-0.0825868
s2.b1.h2,2,1,2,24,36864,10.0665,9.47332,3.40439,0.0524295,0.820789,0.261731,5.2195,0.787305,0.686253,0.952434,0.0260092,0.694995,0.958867,0.0224865,-0.00352267,0.018262
s2.b1.h3,2,1,3,24,36864,8.97938,8.42808,3.09786,0.0467676,1.17945,0.239251,6.80951,0.68432,0.681656,1.00336,0.0258026,0.703841,1.01252,0.0230626,-0.00273999,0.0462066
s2.b1.h4,2,1,4,24,36864,8.6082,7.98684,3.21115,0.0448344,0.719744,0.268828,5.13423,0.957162,0.693258,0.982835,0.0263968,0.957274,1.33751,0.0426611,0.0162643,0.465539
s2.b1.h5,2,1,5,24,36864,9.2687,8.64357,3.34627,0.0482745,1.10094,0.243855,6.37163,0.826495,1.09995,1.49086,0.066199,1.04857,1.4014,0.0511864,-0.0150126,-0.0690185
s2.b1.h6,2,1,6,24,36864,9.2117,8.51613,3.51155,0.0479776,0.559073,0.280971,5.06266,0.981164,0.991239,1.30584,0.0537634,1.04102,1.29742,0.0504521,-0.00331131,0.0706923
s2.b1.h7,2,1,7,24,36864,8.1246,7.28271,3.60156,0.0423156,0.203649,0.312143,4.72297,0.971037,1.23672,1.53269,0.0842765,1.42058,1.70781,0.0939481,0.00967163,0.199965
s2.b1.h8,2,1,8,24,36864,10.2317,9.61925,3.48663,0.0532898,0.794581,0.263521,4.44447,0.782334,0.872875,1.1798,0.0419003,0.734546,1.01495,0.0251187,-0.0167816,-0.248922
s2.b1.h9,2,1,9,24,36864,7.6131,6.7968,3.42969,0.0396515,0.241243,0.308531,5.14109,1.3497,0.967091,1.06864,0.0514687,1.07345,1.22823,0.0536439,0.00217523,0.150532
s2.b1.h10,2,1,10,24,36864,7.87179,7.01838,3.56475,0.0409989,0.128,0.319697,4.56953,0.992225,1.4566,1.72872,0.116023,1.34785,1.63968,0.0845745,-0.0314483,-0.111942
s2.b1.h11,2,1,11,24,36864,8.84247,8.18258,3.3518,0.0460545,0.868637,0.258487,5.71864,0.763784,0.8983,1.19778,0.0441233,1.03196,1.37636,0.0495775,0.0054542,0.200118
s2.b1.h12,2,1,12,24,36864,7.41799,6.58899,3.4076,0.0386354,0.155791,0.316902,4.40706,0.7947,1.13426,1.4568,0.0702945,1.19051,1.52903,0.0659815,-0.00431297,0.0698247
s2.b1.h13,2,1,13,24,36864,9.17017,8.50307,3.43363,0.0477613,0.700855,0.270211,5.28296,0.825007,0.949673,1.17866,0.0494898,1.25703,1.49415,0.0735614,0.0240716,0.404517
s2.b1.h14,2,1,14,24,36864,8.07924,7.23447,3.59675,0.0420794,0.433266,0.291272,5.87181,1.02057,1.43031,1.75098,0.111763,1.86106,2.1886,0.161243,0.0494799,0.379795
s2.b1.h15,2,1,15,24,36864,10.2248,9.61379,3.48151,0.053254,3.01221,0.166341,8.01945,0.914897,1.47137,1.90111,0.118727,1.44537,1.80303,0.0972557,-0.0214712,-0.025724
s2.b2.h0,2,2,0,24,36864,8.65723,7.86972,3.60765,0.0450897,0.274836,0.305356,4.21397,0.793501,1.52678,1.95174,0.0742232,1.55476,1.99688,0.0811419,0.0069187,0.026197
s2.b2.h1,2,2,1,24,36864,9.24174,8.41861,3.81271,0.0481341,0.446423,0.290148,4.62796,0.959939,1.35086,1.62307,0.058516,1.53428,1.80456,0.0790185,0.0205025,0.183683
s2.b2.h2,2,2,2,24,36864,8.61721,7.94129,3.34549,0.0448813,0.661876,0.273081,5.10598,0.687583,1.06579,1.46464,0.0358607,1.04196,1.41047,0.0364435,0.000582843,-0.0326206
s2.b2.h3,2,2,3,24,36864,7.29906,6.39415,3.5201,0.0380159,0.143394,0.31813,4.94291,1.03988,1.18805,1.46443,0.0444669,1.06678,1.36937,0.0382009,-0.00626604,-0.155333
s2.b2.h4,2,2,4,24,36864,9.08692,8.38146,3.51045,0.0473277,1.55738,0.219451,7.64007,0.733343,1.27494,1.73862,0.0515768,1.28437,1.72703,0.0553729,0.0037961,0.0106283
s2.b2.h5,2,2,5,24,36864,9.30921,8.54961,3.68314,0.0484855,1.20931,0.237576,7.988,0.95205,1.91369,2.43897,0.115513,1.60744,1.99652,0.0867346,-0.0287785,-0.251594
s2.b2.h6,2,2,6,24,36864,8.72131,7.833,3.83475,0.0454235,0.228674,0.309723,4.91383,1.1404,1.71784,1.98066,0.0929906,1.55743,1.82759,0.081421,-0.0115696,-0.141428
s2.b2.h7,2,2,7,24,36864,9.07805,8.43982,3.34371,0.0472815,1.39002,0.227797,7.80096,0.678315,1.43375,1.95096,0.0649555,1.44696,1.94488,0.0702806,0.00532513,0.0132272
s2.b2.h8,2,2,8,24,36864,8.91039,8.16256,3.57317,0.0464083,0.866405,0.25865,6.59187,0.928977,0.993152,1.34235,0.031312,1.11018,1.44501,0.0413717,0.0100597,0.160708
s2.b2.h9,2,2,9,24,36864,9.00794,8.16483,3.80507,0.0469164,0.371779,0.296585,5.06112,1.40634,0.994885,1.18287,0.0313038,1.31351,1.48366,0.0579142,0.0266104,0.400825
s2.b2.h10,2,2,10,24,36864,8.8527,8.11013,3.54908,0.0461078,0.493303,0.286262,5.10736,0.938267,1.40479,1.76179,0.062445,1.29856,1.63057,0.0566034,-0.00584156,-0.113439
s2.b2.h11,2,2,11,24,36864,7.85024,6.93947,3.67015,0.0408867,0.101704,0.322403,4.39294,0.966958,1.41598,1.72882,0.0631417,1.35359,1.70888,0.0615024,-0.0016393,-0.0650086
s2.b2.h12,2,2,12,24,36864,7.00785,5.93469,3.72685,0.0364992,0.184742,0.314001,5.93399,1.28294,1.60281,1.83923,0.0808796,1.5258,1.82422,0.0781476,-0.00273203,-0.0710388
s2.b2.h13,2,2,13,24,36864,8.73307,7.83821,3.85086,0.0454848,0.329117,0.300379,5.21406,0.876025,1.36061,1.68158,0.0591559,1.29066,1.58332,0.055917,-0.0032389,-0.0761431
s2.b2.h14,2,2,14,24,36864,8.31588,7.49193,3.609,0.0433119,0.295269,0.303457,4.85174,0.89701,1.24558,1.64741,0.0490851,1.02699,1.30275,0.0354041,-0.013681,-0.278391
s2.b2.h15,2,2,15,24,36864,8.92309,8.14503,3.64417,0.0464744,0.379276,0.295899,5.21235,0.843085,1.6381,2.07894,0.0845741,1.58684,1.99185,0.0845256,-4.84857e-05,-0.0458705
s2.b3.h0,2,3,0,24,36864,7.68982,6.74039,3.7014,0.0400511,0.392533,0.294761,8.08245,1.64538,2.15067,2.2191,0.186162,2.4359,2.41134,0.210649,0.0244874,0.179666
s2.b3.h1,2,3,1,24,36864,8.61506,7.98601,3.23154,0.0448701,0.772736,0.265075,5.29489,0.722727,0.939524,1.34732,0.0354891,0.907131,1.30509,0.0292132,-0.00627593,-0.0506185
s2.b3.h2,2,3,2,24,36864,7.67465,6.81251,3.53413,0.0399722,0.185419,0.313931,5.12037,1.27034,1.1313,1.35872,0.0515425,1.28766,1.47351,0.0588626,0.00732009,0.186774
s2.b3.h3,2,3,3,24,36864,9.29103,8.69103,3.28469,0.0483908,1.48295,0.223068,7.25208,0.767085,1.08464,1.55951,0.0473542,1.07721,1.50314,0.0411942,-0.00616,-0.00991675
s2.b3.h4,2,3,4,24,36864,8.88629,8.10653,3.64008,0.0462827,0.314363,0.301714,5.07831,0.820212,0.956382,1.2452,0.0370803,1.09289,1.40914,0.0424026,0.00532231,0.192489
s2.b3.h5,2,3,5,24,36864,8.57698,7.78575,3.59814,0.0446718,0.522547,0.283888,6.68533,0.864226,0.937064,1.25435,0.0353675,0.918761,1.20151,0.0299671,-0.00540039,-0.0284584
s2.b3.h6,2,3,6,24,36864,10.3085,9.5135,3.96981,0.0536904,0.655349,0.273572,6.3935,1.17201,1.52119,1.7964,0.0931506,1.81513,2.0327,0.116965,0.0238144,0.25487
s2.b3.h7,2,3,7,24,36864,8.81253,7.84839,4.00793,0.0458986,0.344486,0.299005,7.55615,1.6997,1.12307,1.20384,0.0513465,1.46518,1.55011,0.0762118,0.0248653,0.383626
s2.b3.h8,2,3,8,24,36864,9.2464,8.48741,3.66875,0.0481583,0.533039,0.28305,5.07477,0.85479,1.69468,2.11016,0.115767,1.64329,2.06665,0.0958666,-0.0199003,-0.0444258
s2.b3.h9,2,3,9,24,36864,9.03383,8.48189,3.10929,0.0470512,1.26257,0.234603,7.39349,0.60868,1.00898,1.49557,0.0409703,0.958184,1.41592,0.0325939,-0.00837643,-0.074527
s2.b3.h10,2,3,10,24,36864,9.44999,8.80614,3.42842,0.0492187,1.49173,0.222637,7.11627,0.823018,1.40821,1.91001,0.0797136,1.33186,1.7957,0.0629729,-0.0167407,-0.0804171
s2.b3.h11,2,3,11,24,36864,8.43483,7.64676,3.55999,0.0439314,0.464825,0.288613,5.74529,0.819093,1.02822,1.39225,0.042569,1.02315,1.38079,0.0371635,-0.00540551,-0.0071259
s2.b3.h12,2,3,12,24,36864,9.03245,8.41741,3.27604,0.047044,0.948465,0.253263,5.94811,0.712264,0.989268,1.40888,0.0395214,1.04395,1.49258,0.0386898,-0.0008316,0.0776199
s2.b3.h13,2,3,13,24,36864,8.9124,8.24452,3.38507,0.0464187,0.772203,0.265095,5.66806,0.716613,1.04525,1.4324,0.0445285,1.10348,1.50671,0.0432283,-0.00130024,0.078213
s2.b3.h14,2,3,14,24,36864,8.83169,8.02192,3.69426,0.0459984,0.43488,0.291119,7.12536,0.928218,1.27982,1.58762,0.0658649,1.22175,1.49577,0.052991,-0.0128739,-0.066987
s2.b3.h15,2,3,15,24,36864,9.04469,8.43628,3.26122,0.0471078,0.88659,0.257296,5.59976,0.750478,0.912485,1.31259,0.033573,0.934893,1.3314,0.0310286,-0.00254439,0.0350009
s2.b4.h0,2,4,0,24,36864,8.68467,7.83981,3.73643,0.0452327,0.39705,0.294377,6.84874,0.806512,1.37701,1.70771,0.0501324,1.31262,1.64762,0.0415082,-0.00862419,-0.0690912
s2.b4.h1,2,4,1,24,36864,8.74699,7.93425,3.68207,0.0455573,0.346318,0.29885,5.11611,0.815675,1.26461,1.58367,0.0422604,1.20685,1.53873,0.0350886,-0.00717179,-0.0674462
s2.b4.h2,2,4,2,24,36864,8.72264,7.89391,3.71089,0.0454304,0.421652,0.292258,6.10569,0.855976,1.30037,1.6628,0.0448866,1.36144,1.7367,0.0446535,-0.000233086,0.0662112
s2.b4.h3,2,4,3,24,36864,9.00201,8.05494,4.01923,0.0468855,0.816736,0.262009,8.55881,1.37349,1.94362,2.15304,0.0998425,1.69742,1.95232,0.0694123,-0.0304302,-0.195405
s2.b4.h4,2,4,4,24,36864,8.38894,7.52255,3.71287,0.0436924,0.236143,0.309019,5.77538,0.891435,1.05216,1.33058,0.0292075,1.15326,1.45291,0.0320411,0.00283356,0.13236
s2.b4.h5,2,4,5,24,36864,8.48144,7.61723,3.72996,0.0441742,0.325387,0.300716,5.29244,0.849513,1.36921,1.73181,0.0494578,1.27109,1.60527,0.0389234,-0.0105344,-0.107278
s2.b4.h6,2,4,6,24,36864,8.51209,7.66523,3.70135,0.0443338,0.258718,0.306867,4.7491,0.87797,1.68374,2.04128,0.0746986,1.69281,2.06567,0.0690357,-0.00566294,0.00774701
s2.b4.h7,2,4,7,24,36864,8.71019,7.69242,4.08585,0.0453656,0.13852,0.318621,5.00186,1.0295,1.27377,1.49417,0.0435669,1.38613,1.60308,0.0462878,0.00272087,0.121959
s2.b4.h8,2,4,8,24,36864,8.3004,7.37653,3.80572,0.0432313,0.636453,0.27498,8.45402,1.30962,1.89303,1.99203,0.0943498,1.96111,2.04403,0.0926535,-0.0016963,0.0509765
s2.b4.h9,2,4,9,24,36864,7.94875,6.7233,4.24026,0.0413997,0.277642,0.305099,6.28713,1.52069,1.48771,1.58581,0.0584169,1.86856,1.94271,0.0841146,0.0256977,0.328834
s2.b4.h10,2,4,10,24,36864,9.17184,8.18186,4.14485,0.04777,0.583373,0.279084,9.95841,1.19197,1.88818,2.03985,0.0942276,2.00277,2.07471,0.0966316,0.00240396,0.0849994
s2.b4.h11,2,4,11,24,36864,8.69059,7.94364,3.5249,0.0452635,0.535007,0.28289,5.23747,0.784452,1.33988,1.80368,0.0473868,1.28555,1.69463,0.0398142,-0.00757264,-0.0597212
s2.b4.h12,2,4,12,24,36864,8.70765,7.84911,3.77023,0.0453524,0.297287,0.303273,6.48474,0.881305,1.36369,1.6662,0.0500081,1.64388,1.96922,0.0651026,0.0150945,0.269586
s2.b4.h13,2,4,13,24,36864,8.54623,7.45444,4.17963,0.0445116,0.71439,0.269186,10.769,1.2934,1.53105,1.76038,0.0618597,1.4742,1.6631,0.0523565,-0.00950319,-0.0545918
s2.b4.h14,2,4,14,24,36864,8.70904,7.62402,4.20971,0.0453596,0.0674047,0.326011,5.51647,1.28079,1.70777,1.84882,0.0768744,1.75689,1.93587,0.0743608,-0.00251363,0.0409102
s2.b4.h15,2,4,15,24,36864,9.07223,8.23679,3.80271,0.0472512,0.487727,0.286711,5.22237,0.851523,1.76877,2.18221,0.082824,2.2133,2.67679,0.118016,0.035192,0.323449
s2.b5.h0,2,5,0,24,36864,8.82489,7.9989,3.72775,0.0459629,0.533536,0.282998,8.23601,0.818331,1.23049,1.55255,0.0399788,1.40826,1.78683,0.0505132,0.0105344,0.194679
s2.b5.h1,2,5,1,24,36864,9.03845,8.25202,3.68749,0.0470752,0.485935,0.286868,5.96205,0.805957,1.38452,1.76697,0.0510962,1.54144,1.97825,0.0605194,0.00942317,0.154893
s2.b5.h2,2,5,2,24,36864,8.89377,8.12887,3.6084,0.0463217,0.570173,0.280098,7.15485,0.708581,1.41684,1.86293,0.0533608,1.36615,1.79338,0.0475376,-0.00582317,-0.0525595
s2.b5.h3,2,5,3,24,36864,8.94493,8.13817,3.71241,0.0465882,0.783285,0.264319,7.32563,1.07186,1.38958,1.74541,0.0510849,1.53005,1.90203,0.0596284,0.00854351,0.138931
s2.b5.h4,2,5,4,24,36864,9.05459,8.02188,4.19942,0.0471593,1.32744,0.231074,12.1094,1.67459,1.81884,1.98298,0.0877013,2.05872,2.26614,0.107954,0.0202527,0.178726
s2.b5.h5,2,5,5,24,36864,8.36179,7.22107,4.21614,0.043551,1.44181,0.225093,13.4868,1.39726,2.52422,2.49881,0.168313,2.39929,2.50623,0.146625,-0.0216877,-0.0732317
s2.b5.h6,2,5,6,24,36864,8.93962,8.15545,3.66133,0.0465605,0.559362,0.28093,7.55892,0.749446,1.66378,2.1372,0.0732932,1.39706,1.83313,0.0497129,-0.0235803,-0.252073
s2.b5.h7,2,5,7,24,36864,8.73856,7.63912,4.24337,0.0455133,0.27401,0.305435,6.85206,1.17227,1.54174,1.72312,0.0627881,1.96008,2.16411,0.0978558,0.0350677,0.346352
s2.b5.h8,2,5,8,24,36864,8.94023,8.14717,3.6812,0.0465637,0.489844,0.286552,5.90734,0.799328,1.60705,2.08112,0.0687497,1.4022,1.8176,0.0500797,-0.01867,-0.196727
s2.b5.h9,2,5,9,24,36864,8.8118,7.97962,3.73812,0.0458948,0.456909,0.289271,6.04055,0.789217,1.1695,1.50436,0.0368472,1.37955,1.76623,0.0484746,0.0116274,0.23831
s2.b5.h10,2,5,10,24,36864,8.77954,7.99646,3.62447,0.0457268,1.10093,0.243846,10.9816,0.956021,1.61507,2.00678,0.0688569,1.47825,1.80721,0.0556589,-0.013198,-0.12771
s2.b5.h11,2,5,11,24,36864,8.82264,8.03253,3.64932,0.0459513,0.474873,0.287795,6.22202,0.765378,1.25161,1.64784,0.0414833,1.2458,1.63938,0.0395309,-0.00195243,-0.00671097
s2.b5.h12,2,5,12,24,36864,8.8956,8.10153,3.67381,0.0463312,0.406564,0.293557,6.43523,0.755872,1.36203,1.76272,0.0490298,1.38651,1.78574,0.0489653,-6.45143e-05,0.0257011
s2.b5.h13,2,5,13,24,36864,8.71911,7.97022,3.53532,0.0454121,0.505941,0.285241,4.88888,0.777503,1.03874,1.38291,0.0287017,1.19346,1.58036,0.0362789,0.00757721,0.200313
s2.b5.h14,2,5,14,24,36864,8.92344,8.06023,3.8289,0.0464762,0.332202,0.300111,6.34937,0.867994,1.3044,1.64302,0.0455625,1.51268,1.8802,0.0582818,0.0127193,0.213722
s2.b5.h15,2,5,15,24,36864,8.74273,7.94213,3.65485,0.0455351,0.493686,0.286228,6.84948,0.786575,1.66026,2.11458,0.0731527,1.28998,1.66831,0.0423845,-0.0307682,-0.364064
s3.b0.h0,3,0,0,24,73728,11.9191,10.7462,5.15599,0.0438961,0.281489,0.304754,5.56983,1.5247,0.615563,0.593771,0.00865694,1.22423,1.13879,0.0215788,0.0129219,0.991897
s3.b0.h1,3,0,1,24,73728,12.2254,11.0233,5.28661,0.0450244,0.229409,0.309655,5.35301,1.57139,0.615628,0.560812,0.00932378,1.40705,1.26612,0.0285052,0.0191814,1.19254
s3.b0.h2,3,0,2,24,73728,12.1146,10.907,5.2726,0.0446161,0.227711,0.309819,5.00085,1.62686,1.04282,0.927436,0.0248742,1.40648,1.23066,0.0284821,0.00360794,0.431603
s3.b0.h3,3,0,3,24,73728,12.0993,11.0028,5.03314,0.04456,0.376208,0.296185,5.19137,1.41707,1.42294,1.32264,0.0475445,1.03844,0.977264,0.0155264,-0.0320181,-0.454461
s3.b0.h4,3,0,4,24,73728,11.6555,10.4771,5.10704,0.0429256,0.224725,0.310104,5.6483,1.4766,1.39491,1.31706,0.0445197,1.57191,1.45645,0.035576,-0.00894366,0.172344
s3.b0.h5,3,0,5,24,73728,10.6117,9.11867,5.42763,0.0390815,5.62964,0.115883,20.2992,2.74409,1.55778,1.22876,0.0553818,1.74465,1.3023,0.0438248,-0.011557,0.16345
s3.b0.h6,3,0,6,24,73728,12.1679,11.0359,5.12505,0.0448126,0.329409,0.300354,6.12153,1.41729,1.53094,1.4305,0.0545646,1.42713,1.34347,0.0293243,-0.0252403,-0.101301
s3.b0.h7,3,0,7,24,73728,11.9325,10.7517,5.17538,0.0439455,0.23438,0.309176,5.31761,1.47689,0.433149,0.406766,0.00433661,1.18661,1.09055,0.0202731,0.0159365,1.45391
s3.b0.h8,3,0,8,24,73728,11.8878,10.7079,5.16339,0.0437809,0.305648,0.302513,5.63559,1.48814,0.95802,0.873909,0.0222917,1.60878,1.45771,0.0372646,0.0149729,0.74784
s3.b0.h9,3,0,9,24,73728,12.3835,11.143,5.40231,0.0456067,1.94309,0.202305,14.9614,2.72703,1.59247,1.17354,0.0575632,1.70326,1.26646,0.0417702,-0.015793,0.0970325
s3.b0.h10,3,0,10,24,73728,12.0541,10.9282,5.08695,0.0443936,0.29595,0.3034,5.42836,1.42289,0.458409,0.431157,0.00483697,0.933864,0.87172,0.0125566,0.00771963,1.02658
s3.b0.h11,3,0,11,24,73728,12.1576,10.9908,5.19722,0.0447747,0.250762,0.307625,4.83816,1.45057,1.32656,1.2396,0.0406065,1.36042,1.25624,0.0266471,-0.0139594,0.0363622
s3.b0.h12,3,0,12,24,73728,11.7464,10.5022,5.2613,0.0432601,0.250156,0.307674,7.118,1.70072,2.1746,1.81238,0.111746,2.60918,2.18981,0.0980191,-0.0137274,0.262845
s3.b0.h13,3,0,13,24,73728,12.1977,11.0146,5.24063,0.0449225,0.231641,0.30944,5.70063,1.57375,0.382925,0.353223,0.00337416,1.18509,1.06968,0.020221,0.0168468,1.62986
s3.b0.h14,3,0,14,24,73728,12.1884,10.9886,5.27333,0.0448881,0.214023,0.311138,4.90502,1.61198,0.865514,0.788147,0.0186779,1.33851,1.2141,0.0257957,0.00711782,0.628999
s3.b0.h15,3,0,15,24,73728,11.715,10.5504,5.09212,0.0431445,0.234726,0.309141,5.58348,1.50085,1.49754,1.38922,0.0510926,1.38769,1.28122,0.0277259,-0.0233667,-0.109906
s3.b0.h16,3,0,16,24,73728,11.9398,10.7495,5.19685,0.0439724,0.264807,0.30631,4.82166,1.4987,0.626589,0.584488,0.00916656,1.17337,1.07762,0.0198231,0.0106565,0.905066
s3.b0.h17,3,0,17,24,73728,11.9451,10.7951,5.11387,0.0439922,0.346747,0.2988,5.45788,1.53839,0.588415,0.554757,0.00833203,1.27069,1.17828,0.0232477,0.0149157,1.11071
s3.b0.h18,3,0,18,24,73728,11.6544,10.213,5.61423,0.0429214,0.65835,0.273352,10.4817,1.78856,1.57306,1.2756,0.0564331,1.74816,1.44735,0.0440013,-0.0124318,0.15226
s3.b0.h19,3,0,19,24,73728,11.8275,10.7643,4.90095,0.0435588,0.370152,0.296723,4.87456,1.30534,0.670569,0.667658,0.0103237,0.937821,0.910029,0.0126632,0.00233947,0.483926
s3.b0.h20,3,0,20,24,73728,9.85459,8.06834,5.65816,0.036293,5.40682,0.118931,16.5165,3.82542,1.55887,1.18357,0.0557088,2.13068,1.47553,0.0653645,0.0096557,0.450812
s3.b0.h21,3,0,21,24,73728,12.2424,11.1195,5.1219,0.0450871,0.329561,0.300338,5.46228,1.46074,0.734078,0.702959,0.0130706,1.45162,1.3504,0.0303397,0.0172691,0.983659
s3.b0.h22,3,0,22,24,73728,11.5234,10.3675,5.03016,0.0424387,0.326619,0.300605,6.23853,1.69135,1.10696,0.963869,0.0303695,1.47086,1.24305,0.0311491,0.000779643,0.410053
s3.b0.h23,3,0,23,24,73728,11.4,10.2397,5.01103,0.0419846,0.849801,0.259749,12.136,1.52283,1.45524,1.18292,0.0483401,1.30023,1.13193,0.0243414,-0.0239987,-0.162495
s3.b0.h24,3,0,24,24,73728,11.6371,10.4004,5.22057,0.0428578,0.141431,0.318331,4.8859,1.56111,0.766323,0.712361,0.0145529,1.48181,1.32974,0.0316148,0.0170619,0.951335
s3.b0.h25,3,0,25,24,73728,11.5628,10.3776,5.09932,0.0425839,0.365548,0.297129,5.32382,1.60596,0.913526,0.817563,0.0192025,1.1594,1.02582,0.0193539,0.000151386,0.343861
s3.b0.h26,3,0,26,24,73728,11.9636,10.8188,5.10717,0.0440603,0.316754,0.301497,5.77578,1.49651,0.615879,0.594561,0.00891017,1.26746,1.15981,0.0231298,0.0142196,1.04122
s3.b0.h27,3,0,27,24,73728,11.9516,10.8297,5.05565,0.044016,0.297994,0.303222,5.22819,1.48996,0.619803,0.593891,0.010227,1.44752,1.3505,0.0301683,0.0199413,1.2237
s3.b0.h28,3,0,28,24,73728,9.30627,7.79514,5.08356,0.0342736,1.46041,0.224206,11.5383,3.32327,1.59324,1.1141,0.0583445,1.73443,1.20134,0.0433129,-0.0150316,0.122495
s3.b0.h29,3,0,29,24,73728,12.1102,10.9472,5.17823,0.0445999,0.279171,0.30495,5.37048,1.48682,0.876511,0.81645,0.0186501,1.11588,1.01905,0.0179282,-0.000721911,0.348338
s3.b0.h30,3,0,30,24,73728,11.3217,10.2772,4.74964,0.041696,1.16718,0.239972,7.30997,1.12149,1.70081,1.78042,0.0657359,1.7921,1.73595,0.0462409,-0.019495,0.0754279
s3.b0.h31,3,0,31,24,73728,11.8795,10.676,5.21015,0.0437503,0.344641,0.298987,6.49749,1.55632,0.758671,0.668329,0.0132411,1.29726,1.16734,0.0242302,0.0109891,0.773922
s3.b1.h0,3,1,0,24,73728,12.1139,10.905,5.27516,0.0446137,0.264082,0.306364,6.35776,1.56745,1.29682,1.1606,0.0142007,1.56587,1.40539,0.012742,-0.00145869,0.271983
s3.b1.h1,3,1,1,24,73728,11.5698,10.3774,5.11556,0.0426097,0.360461,0.297588,7.27769,1.57147,0.809263,0.728312,0.00517099,1.51959,1.35727,0.0119998,0.00682881,0.909001
s3.b1.h2,3,1,2,24,73728,11.9947,10.8455,5.1233,0.0441746,0.299488,0.303075,5.16621,1.50125,0.457733,0.438933,0.00159364,1.19249,1.09386,0.0073898,0.00579616,1.3814
s3.b1.h3,3,1,3,24,73728,11.596,10.3917,5.14582,0.0427061,0.181263,0.314349,5.7188,1.48338,1.0424,0.962262,0.00805601,1.34346,1.25092,0.00937931,0.0013233,0.366043
s3.b1.h4,3,1,4,24,73728,11.6393,10.4774,5.0692,0.0428656,0.199017,0.3126,5.02386,1.66705,2.27259,1.98457,0.0411965,1.22814,1.13728,0.00783824,-0.0333583,-0.887862
s3.b1.h5,3,1,5,24,73728,12.0382,10.8885,5.13407,0.0443349,0.364516,0.29722,6.54688,1.45389,1.13923,1.04665,0.0111333,1.60711,1.47166,0.0134219,0.00228857,0.496409
s3.b1.h6,3,1,6,24,73728,11.1816,9.77213,5.43449,0.0411801,6.29291,0.107603,17.6039,3.85359,2.31251,1.10893,0.0400047,1.94944,1.08726,0.0197488,-0.0202559,-0.246398
s3.b1.h7,3,1,7,24,73728,11.2781,9.34815,6.30933,0.0415355,31.9875,0.0285804,21.7857,9.08109,4.38763,1.41038,0.143025,3.6495,1.43078,0.0692133,-0.0738119,-0.265742
s3.b1.h8,3,1,8,24,73728,12.0046,10.6978,5.44676,0.044211,6.63599,0.103775,16.4105,4.06516,2.22376,1.54269,0.0361856,2.29616,1.56169,0.0273985,-0.00878707,0.0462202
s3.b1.h9,3,1,9,24,73728,11.8074,10.6138,5.17323,0.043485,0.339489,0.299445,6.00155,1.55184,0.661779,0.601694,0.00333556,1.4911,1.34251,0.0115541,0.00821854,1.17195
s3.b1.h10,3,1,10,24,73728,11.7124,10.5576,5.07119,0.043135,0.253153,0.307395,5.3089,1.42481,0.601559,0.557303,0.00270619,1.17909,1.09352,0.00722467,0.00451848,0.970895
s3.b1.h11,3,1,11,24,73728,12.0492,10.8362,5.26866,0.0443753,0.225564,0.310019,5.01811,1.58167,0.862225,0.791308,0.00582677,1.70448,1.547,0.0150975,0.00927073,0.983196
s3.b1.h12,3,1,12,24,73728,11.4239,10.2717,4.9999,0.0420726,0.295627,0.303434,6.49238,1.43453,1.04883,0.966132,0.00818327,1.5368,1.4358,0.0122731,0.00408983,0.551146
s3.b1.h13,3,1,13,24,73728,12.1513,10.9196,5.33085,0.0447515,0.182715,0.314202,5.55246,1.55384,0.567879,0.506463,0.00243748,1.79159,1.60097,0.0166802,0.0142427,1.65758
s3.b1.h14,3,1,14,24,73728,11.5809,10.4115,5.07128,0.0426507,0.318491,0.301342,6.82706,1.45915,1.44316,1.35047,0.01545,1.66228,1.54795,0.0143592,-0.0010908,0.203936
s3.b1.h15,3,1,15,24,73728,12.695,10.7273,6.7889,0.0467539,26.9771,0.0333587,17.9749,10.4619,5.44063,1.55164,0.227589,8.47248,2.48617,0.37303,0.145441,0.639011
s3.b1.h16,3,1,16,24,73728,11.7951,10.6403,5.0899,0.0434394,0.237159,0.308914,6.3176,1.71519,0.55795,0.540349,0.00238432,1.37001,1.26708,0.00975366,0.00736934,1.29598
s3.b1.h17,3,1,17,24,73728,11.6826,10.4874,5.14768,0.0430253,0.209563,0.311581,5.58265,1.57648,0.822549,0.768898,0.00519528,1.37289,1.26364,0.00979476,0.00459948,0.739043
s3.b1.h18,3,1,18,24,73728,11.5505,10.301,5.22529,0.0425387,0.599607,0.277807,9.52238,1.81543,1.00057,0.883346,0.00754045,1.15325,1.01106,0.00691148,-0.000628973,0.204889
s3.b1.h19,3,1,19,24,73728,11.9226,10.6731,5.31363,0.0439092,0.453246,0.289581,9.05592,1.70197,1.2106,1.0742,0.0120636,1.66693,1.47663,0.0144398,0.00237622,0.461472
s3.b1.h20,3,1,20,24,73728,11.4147,10.2721,4.97792,0.0420387,0.361311,0.297498,7.24865,1.4754,0.548349,0.518888,0.00222659,1.15423,1.09662,0.00692316,0.00469657,1.07376
s3.b1.h21,3,1,21,24,73728,11.9452,10.7253,5.25886,0.0439922,0.259098,0.306833,5.27365,1.61803,0.982794,0.839147,0.00725471,1.52445,1.33003,0.0120767,0.00482199,0.633327
s3.b1.h22,3,1,22,24,73728,12.1027,10.9586,5.13654,0.0445723,0.376062,0.296203,5.74212,1.47952,1.20452,1.09824,0.0111196,1.50436,1.39285,0.0117605,0.000640941,0.320695
s3.b1.h23,3,1,23,24,73728,11.6553,10.4823,5.09566,0.0429246,0.271924,0.305627,5.49789,1.57578,0.852091,0.790898,0.00547229,1.44143,1.34027,0.0107971,0.00532481,0.758421
s3.b1.h24,3,1,24,24,73728,11.389,10.2192,5.02754,0.0419439,0.258322,0.30693,6.73448,1.44186,0.657275,0.622558,0.00338861,1.20986,1.13142,0.00760659,0.00421798,0.880271
s3.b1.h25,3,1,25,24,73728,11.8268,10.3866,5.65615,0.0435563,5.88542,0.112545,16.0513,3.59936,1.81736,1.38085,0.0245436,2.20419,1.45566,0.0252477,0.000704129,0.278401
s3.b1.h26,3,1,26,24,73728,11.5567,10.3976,5.04446,0.0425616,0.216796,0.310883,4.36049,1.66779,0.697735,0.639054,0.00424506,1.00437,0.910642,0.00524214,0.000997084,0.525539
s3.b1.h27,3,1,27,24,73728,11.7416,10.4945,5.2661,0.0432426,0.246051,0.308066,6.60067,1.63304,0.791983,0.710579,0.00473042,1.30666,1.17485,0.00887248,0.00414206,0.722342
s3.b1.h28,3,1,28,24,73728,11.6273,10.3312,5.33483,0.0428215,1.5976,0.217506,13.8276,2.50365,1.3841,1.18464,0.015464,1.79435,1.54216,0.0167316,0.0012676,0.374517
s3.b1.h29,3,1,29,24,73728,10.4754,8.59169,5.99306,0.0385793,46.3266,0.020273,21.3103,9.36315,6.54049,1.75773,0.316589,6.35285,1.80346,0.209729,-0.10686,-0.0419954
s3.b1.h30,3,1,30,24,73728,11.533,10.3875,5.0109,0.0424742,0.240523,0.3086,6.13843,1.50208,0.638923,0.604662,0.00308409,1.27436,1.19538,0.0084393,0.00535521,0.996059
s3.b1.h31,3,1,31,24,73728,11.9483,10.7417,5.23248,0.0440039,0.228339,0.309757,5.24368,1.4946,1.05512,0.974932,0.00860308,1.10304,1.00578,0.0063227,-0.00228038,0.0640817
