dataset,scope,property,rho,p_value,auc,n_heads
BMD,raw,generality,0.0146401,0.843635,0.63,184
BMD,raw,general_share,0.0968461,0.190938,0.63,184
BMD,raw,medical_share,0.102099,0.167864,0.6125,184
BMD,raw,contrib_ratio,-0.0233815,0.752729,0.53,184
BMD,raw,general_contrib_rms,0.026957,0.716428,0.5175,184
BMD,raw,medical_contrib_rms,0.0700355,0.344815,0.57,184
BMD,raw,w_norm,-0.0384319,0.60449,0.4075,184
BMD,raw,w_norm_qkv,-0.0499194,0.500982,0.395,184
BMD,raw,w_norm_out,-0.00785996,0.915667,0.4225,184
BMD,raw,w_rms,-0.0365281,0.622522,0.56,184
BMD,raw,w_kurtosis,0.0524431,0.479559,0.5475,184
BMD,raw,w_participation,-0.0525837,0.47838,0.4525,184
BMD,raw,w_max_over_rms,-0.00179546,0.980702,0.5,184
BMD,raw,ov_spectral,-0.042542,0.566377,0.305,184
BMD,within_stage,generality,0.00683316,0.926651,0.625,184
BMD,within_stage,general_share,0.0864259,0.243399,0.54,184
BMD,within_stage,medical_share,0.0993929,0.179476,0.515,184
BMD,within_stage,contrib_ratio,-0.0252896,0.733283,0.57,184
BMD,within_stage,general_contrib_rms,0.0840823,0.256465,0.62,184
BMD,within_stage,medical_contrib_rms,0.122707,0.0970329,0.63,184
BMD,within_stage,w_norm,-0.119194,0.107058,0.3975,184
BMD,within_stage,w_norm_qkv,-0.117059,0.113536,0.4025,184
BMD,within_stage,w_norm_out,0.0691802,0.350753,0.65,184
BMD,within_stage,w_rms,-0.119125,0.107262,0.3975,184
BMD,within_stage,w_kurtosis,-0.0927023,0.210715,0.4125,184
BMD,within_stage,w_participation,0.0618201,0.404477,0.575,184
BMD,within_stage,w_max_over_rms,0.00660776,0.929064,0.4875,184
BMD,within_stage,ov_spectral,-0.0121473,0.870001,0.4275,184
CinC,raw,generality,0.0614728,0.407127,0.5675,184
CinC,raw,general_share,0.113042,0.126555,0.78,184
CinC,raw,medical_share,0.100967,0.172652,0.7675,184
CinC,raw,contrib_ratio,0.00438734,0.952867,0.52,184
CinC,raw,general_contrib_rms,-0.00223749,0.975952,0.57,184
CinC,raw,medical_contrib_rms,-0.0562571,0.448146,0.565,184
CinC,raw,w_norm,-0.0784153,0.290029,0.315,184
CinC,raw,w_norm_qkv,-0.0663176,0.371091,0.305,184
CinC,raw,w_norm_out,-0.0332725,0.65388,0.495,184
CinC,raw,w_rms,0.00400399,0.956981,0.5025,184
CinC,raw,w_kurtosis,-0.124564,0.092043,0.465,184
CinC,raw,w_participation,0.124625,0.0918809,0.535,184
CinC,raw,w_max_over_rms,-0.0819281,0.268894,0.405,184
CinC,raw,ov_spectral,-0.00308992,0.966795,0.585,184
CinC,within_stage,generality,0.0505001,0.496009,0.5675,184
CinC,within_stage,general_share,0.12864,0.0818057,0.69,184
CinC,within_stage,medical_share,0.0920676,0.213869,0.67,184
CinC,within_stage,contrib_ratio,0.0279383,0.706571,0.5025,184
CinC,within_stage,general_contrib_rms,0.0767172,0.300633,0.6675,184
CinC,within_stage,medical_contrib_rms,0.0625554,0.3989,0.61,184
CinC,within_stage,w_norm,-0.0299263,0.686754,0.46,184
CinC,within_stage,w_norm_qkv,-0.0344601,0.642367,0.4275,184
CinC,within_stage,w_norm_out,0.102335,0.166875,0.6425,184
CinC,within_stage,w_rms,-0.0299832,0.68619,0.46,184
CinC,within_stage,w_kurtosis,-0.117934,0.110846,0.41,184
CinC,within_stage,w_participation,0.15374,0.0371948,0.5775,184
CinC,within_stage,w_max_over_rms,-0.0498577,0.501513,0.4375,184
CinC,within_stage,ov_spectral,0.0763974,0.302658,0.715,184
CirCor,raw,generality,0.036603,0.621808,0.5625,184
CirCor,raw,general_share,-0.144031,0.0511044,0.48,184
CirCor,raw,medical_share,-0.132425,0.0731401,0.49,184
CirCor,raw,contrib_ratio,0.122741,0.0969399,0.5075,184
CirCor,raw,general_contrib_rms,0.101173,0.171771,0.58,184
CirCor,raw,medical_contrib_rms,-0.025694,0.729183,0.5525,184
CirCor,raw,w_norm,0.171116,0.0202078,0.5025,184
CirCor,raw,w_norm_qkv,0.176286,0.0166773,0.515,184
CirCor,raw,w_norm_out,0.170301,0.0208194,0.57,184
CirCor,raw,w_rms,-0.132435,0.0731168,0.3925,184
CirCor,raw,w_kurtosis,-0.077421,0.296207,0.3925,184
CirCor,raw,w_participation,0.0772341,0.297378,0.6075,184
CirCor,raw,w_max_over_rms,0.00633777,0.931956,0.38,184
CirCor,raw,ov_spectral,0.121789,0.0995771,0.5775,184
CirCor,within_stage,generality,0.0281231,0.704721,0.5425,184
CirCor,within_stage,general_share,-0.020722,0.78009,0.4825,184
CirCor,within_stage,medical_share,-0.0368092,0.619846,0.4925,184
CirCor,within_stage,contrib_ratio,0.0264337,0.721704,0.5275,184
CirCor,within_stage,general_contrib_rms,0.0120052,0.871509,0.565,184
CirCor,within_stage,medical_contrib_rms,-0.000277398,0.997018,0.5525,184
CirCor,within_stage,w_norm,-0.0103234,0.889384,0.4125,184
CirCor,within_stage,w_norm_qkv,0.0171004,0.817783,0.4275,184
CirCor,within_stage,w_norm_out,-0.0611065,0.409933,0.4775,184
CirCor,within_stage,w_rms,-0.01044,0.888144,0.4125,184
CirCor,within_stage,w_kurtosis,-0.00986881,0.894227,0.3825,184
CirCor,within_stage,w_participation,0.040739,0.582956,0.6175,184
CirCor,within_stage,w_max_over_rms,-0.0454393,0.540217,0.375,184
CirCor,within_stage,ov_spectral,-0.0782955,0.290768,0.5175,184
ICBHI,raw,generality,0.00339458,0.963523,0.485,184
ICBHI,raw,general_share,0.11933,0.106655,0.4825,184
ICBHI,raw,medical_share,0.0943411,0.202725,0.495,184
ICBHI,raw,contrib_ratio,-0.0929433,0.209525,0.505,184
ICBHI,raw,general_contrib_rms,-0.0155251,0.834316,0.48,184
ICBHI,raw,medical_contrib_rms,0.0442942,0.550485,0.435,184
ICBHI,raw,w_norm,-0.0793911,0.28405,0.595,184
ICBHI,raw,w_norm_qkv,-0.076299,0.303283,0.5875,184
ICBHI,raw,w_norm_out,-0.10159,0.170004,0.4775,184
ICBHI,raw,w_rms,0.0851206,0.250618,0.545,184
ICBHI,raw,w_kurtosis,0.0688066,0.353367,0.635,184
ICBHI,raw,w_participation,-0.0687931,0.353462,0.365,184
ICBHI,raw,w_max_over_rms,-0.0541793,0.465114,0.5775,184
ICBHI,raw,ov_spectral,-0.0948901,0.200098,0.515,184
ICBHI,within_stage,generality,0.00276748,0.970258,0.4775,184
ICBHI,within_stage,general_share,0.03386,0.648174,0.465,184
ICBHI,within_stage,medical_share,0.00255653,0.972525,0.4625,184
ICBHI,within_stage,contrib_ratio,-0.0208317,0.778956,0.4375,184
ICBHI,within_stage,general_contrib_rms,0.00632293,0.932115,0.4275,184
ICBHI,within_stage,medical_contrib_rms,-0.00319036,0.965716,0.4225,184
ICBHI,within_stage,w_norm,0.0553458,0.455545,0.57,184
ICBHI,within_stage,w_norm_qkv,0.0478968,0.518508,0.57,184
ICBHI,within_stage,w_norm_out,0.0458894,0.536208,0.495,184
ICBHI,within_stage,w_rms,0.0552515,0.456315,0.57,184
ICBHI,within_stage,w_kurtosis,-0.018413,0.804069,0.5875,184
ICBHI,within_stage,w_participation,-0.0269639,0.716358,0.395,184
ICBHI,within_stage,w_max_over_rms,-0.0285967,0.699986,0.5425,184
ICBHI,within_stage,ov_spectral,-0.0290542,0.695422,0.505,184
KAUH,raw,generality,-0.100831,0.173234,0.4275,184
KAUH,raw,general_share,0.260569,0.000353792,0.7525,184
KAUH,raw,medical_share,0.264018,0.000293038,0.7525,184
KAUH,raw,contrib_ratio,-0.248145,0.000682925,0.265,184
KAUH,raw,general_contrib_rms,0.0270452,0.71554,0.4325,184
KAUH,raw,medical_contrib_rms,0.190812,0.00947147,0.6025,184
KAUH,raw,w_norm,-0.167396,0.0231324,0.35,184
KAUH,raw,w_norm_qkv,-0.161751,0.0282632,0.3525,184
KAUH,raw,w_norm_out,-0.166639,0.0237702,0.295,184
KAUH,raw,w_rms,0.118793,0.108252,0.6175,184
KAUH,raw,w_kurtosis,0.166517,0.0238739,0.6775,184
KAUH,raw,w_participation,-0.16652,0.0238714,0.3225,184
KAUH,raw,w_max_over_rms,-0.0417401,0.573723,0.525,184
KAUH,raw,ov_spectral,-0.163076,0.0269792,0.35,184
KAUH,within_stage,generality,-0.0853892,0.24912,0.4375,184
KAUH,within_stage,general_share,0.153573,0.0374029,0.5525,184
KAUH,within_stage,medical_share,0.193758,0.00840451,0.655,184
KAUH,within_stage,contrib_ratio,-0.162538,0.0274941,0.345,184
KAUH,within_stage,general_contrib_rms,0.111798,0.130813,0.535,184
KAUH,within_stage,medical_contrib_rms,0.139406,0.0591162,0.545,184
KAUH,within_stage,w_norm,-0.0388023,0.601009,0.435,184
KAUH,within_stage,w_norm_qkv,-0.0492551,0.506704,0.45,184
KAUH,within_stage,w_norm_out,0.0556663,0.452935,0.4675,184
KAUH,within_stage,w_rms,-0.0387199,0.601782,0.435,184
KAUH,within_stage,w_kurtosis,0.0452327,0.542063,0.55,184
KAUH,within_stage,w_participation,-0.0853295,0.249453,0.4025,184
KAUH,within_stage,w_max_over_rms,-0.0176336,0.812205,0.535,184
KAUH,within_stage,ov_spectral,0.0186691,0.8014,0.5325,184
SPRSound,raw,generality,-0.0141425,0.848886,0.5625,184
SPRSound,raw,general_share,-0.137012,0.0636526,0.24,184
SPRSound,raw,medical_share,-0.13586,0.065935,0.2075,184
SPRSound,raw,contrib_ratio,0.00599392,0.935639,0.675,184
SPRSound,raw,general_contrib_rms,0.0829594,0.262894,0.58,184
SPRSound,raw,medical_contrib_rms,0.0571353,0.441081,0.5025,184
SPRSound,raw,w_norm,0.170638,0.0205643,0.7375,184
SPRSound,raw,w_norm_qkv,0.168185,0.022483,0.74,184
SPRSound,raw,w_norm_out,0.110937,0.133822,0.7225,184
SPRSound,raw,w_rms,-0.00884689,0.905125,0.3675,184
SPRSound,raw,w_kurtosis,0.0688988,0.352721,0.4125,184
SPRSound,raw,w_participation,-0.0691126,0.351225,0.5875,184
SPRSound,raw,w_max_over_rms,0.127969,0.0834244,0.52,184
SPRSound,raw,ov_spectral,0.118299,0.109739,0.755,184
SPRSound,within_stage,generality,-0.0180193,0.808176,0.5425,184
SPRSound,within_stage,general_share,-0.0619648,0.403376,0.42,184
SPRSound,within_stage,medical_share,-0.0434504,0.558111,0.405,184
SPRSound,within_stage,contrib_ratio,-0.0259772,0.726317,0.615,184
SPRSound,within_stage,general_contrib_rms,-0.0901457,0.223626,0.39,184
SPRSound,within_stage,medical_contrib_rms,-0.0625485,0.398953,0.3775,184
SPRSound,within_stage,w_norm,0.155249,0.0353507,0.6575,184
SPRSound,within_stage,w_norm_qkv,0.150181,0.041868,0.665,184
SPRSound,within_stage,w_norm_out,-0.117573,0.111949,0.34,184
SPRSound,within_stage,w_rms,0.155207,0.0354002,0.6575,184
SPRSound,within_stage,w_kurtosis,0.195264,0.00790125,0.6225,184
SPRSound,within_stage,w_participation,-0.182064,0.0133793,0.41,184
SPRSound,within_stage,w_max_over_rms,0.0916098,0.216165,0.475,184
SPRSound,within_stage,ov_spectral,0.00735298,0.921089,0.5,184
ZCHSound,raw,generality,-0.0429208,0.562923,0.445,184
ZCHSound,raw,general_share,0.239325,0.00106822,0.775,184
ZCHSound,raw,medical_share,0.224973,0.00213813,0.775,184
ZCHSound,raw,contrib_ratio,-0.133804,0.0701739,0.3575,184
ZCHSound,raw,general_contrib_rms,-0.0207135,0.780179,0.38,184
ZCHSound,raw,medical_contrib_rms,0.024835,0.737901,0.42,184
ZCHSound,raw,w_norm,-0.18479,0.0120325,0.2525,184
ZCHSound,raw,w_norm_qkv,-0.17144,0.0199691,0.245,184
ZCHSound,raw,w_norm_out,-0.210676,0.00409736,0.1625,184
ZCHSound,raw,w_rms,0.226709,0.00197035,0.8375,184
ZCHSound,raw,w_kurtosis,0.0452816,0.541625,0.64,184
ZCHSound,raw,w_participation,-0.045351,0.541006,0.36,184
ZCHSound,raw,w_max_over_rms,-0.101127,0.171969,0.4375,184
ZCHSound,raw,ov_spectral,-0.174475,0.0178478,0.2675,184
ZCHSound,within_stage,generality,-0.0480441,0.517221,0.4325,184
ZCHSound,within_stage,general_share,0.138044,0.0616626,0.615,184
ZCHSound,within_stage,medical_share,0.10327,0.163014,0.605,184
ZCHSound,within_stage,contrib_ratio,-0.0754614,0.308638,0.4525,184
ZCHSound,within_stage,general_contrib_rms,0.122561,0.0974326,0.57,184
ZCHSound,within_stage,medical_contrib_rms,0.103077,0.163805,0.57,184
ZCHSound,within_stage,w_norm,0.0219098,0.767835,0.56,184
ZCHSound,within_stage,w_norm_qkv,0.0209909,0.777311,0.5475,184
ZCHSound,within_stage,w_norm_out,0.066627,0.368859,0.4725,184
ZCHSound,within_stage,w_rms,0.0219165,0.767765,0.56,184
ZCHSound,within_stage,w_kurtosis,-0.0333843,0.652793,0.58,184
ZCHSound,within_stage,w_participation,0.01879,0.800141,0.415,184
ZCHSound,within_stage,w_max_over_rms,-0.0687807,0.353549,0.485,184
ZCHSound,within_stage,ov_spectral,0.114547,0.12155,0.6075,184
